CNPJ;RegistroANS;RazaoSocial;Modalidade;UF;Total_Despesas;Media_Trimestral;Desvio_Padrao
461479000163;302147;PREVENT SENIOR PRIVATE OPERADORA DE SAÚDE LTDA;Medicina de Grupo;SP;782153147.0;782153147.0;
63554067000198;368253;HAPVIDA ASSISTENCIA MEDICA S.A.;Medicina de Grupo;CE;747794303.0;373897151.5;194944640.84857017
73809352000166;312126;FUNDAÇÃO SAÚDE ITAÚ;Autogestão;MG;490232499.0;245116249.5;346621268.55680466
85377174000120;303356;UNIMED LITORAL COOPERATIVA DE TRABALHO MÉDICO LTDA;Cooperativa Médica;SC;213951350.0;106975675.0;120833994.62896498
44857357000166;380661;METRUS INSTITUTO DE SEGURIDADE SOCIAL;Autogestão;SP;178279953.0;89139976.5;125924588.57569502
54370630000187;354562;IRMANDADE DA SANTA CASA DE MISERICÓRDIA DE PIRACICABA;Filantropia;SP;110324154.0;55162077.0;77875204.23378965
45232246000127;351202;UNIMED DE RIBEIRAO PRETO - COOPERATIVA DE TRABALHO MÉDICO;Cooperativa Médica;SP;96392740.0;48196370.0;14988077.164549228
2812468000106;339679;UNIMED NACIONAL - COOPERATIVA CENTRAL;Cooperativa Médica;SP;89468613.0;44734306.5;50939526.332299955
58229691000180;355721;UNIMED DE SANTOS COOP DE TRAB MEDICO;Cooperativa Médica;SP;69207805.0;34603902.5;47939663.99688221
62550256000120;348520;NOTRE DAME INTERMÉDICA MINAS GERAIS SAÚDE S.A.;Medicina de Grupo;CE;68563470.0;22854490.0;37370658.09295559
9433795000104;418170;QUALLITY PRÓ SAÚDE PLANO DE ASSISTÊNCIA MÉDICA LTDA.;Medicina de Grupo;DF;67210333.0;33605166.5;47265990.63852373
1387625000110;349682;DOCTOR CLIN OPERADORA DE PLANOS DE SAÚDE LTDA.;Medicina de Grupo;RS;63950808.0;63950808.0;
42182170000184;324361;CAIXA DE ASSISTÊNCIA À SAÚDE - CABERJ;Medicina de Grupo;RJ;63717162.0;31858581.0;44875219.477818355
2403281000159;342033;SAMP ESPIRITO SANTO ASSISTENCIA MEDICA SA;Medicina de Grupo;ES;53343087.0;17781029.0;30797212.626233287
19878404000100;339954;FUNDAÇÃO SÃO FRANCISCO XAVIER;Filantropia;MG;46140951.0;23070475.5;9169455.975404456
82956996000178;315044;FUNDAÇÃO CELESC DE SEGURIDADE SOCIAL - CELOS;Autogestão;SC;45246186.0;22623093.0;31938309.17885369
54012406000113;348082;UNIMED ANHANGUERA COOPERATIVA DE TRABALHO MÉDICO;Cooperativa Médica;SP;44729982.0;22364991.0;31601412.39559805
76590884000143;355691;UNIMED DO ESTADO DE SANTA CATARINA FED. EST. DAS COOP. MÉD.;Cooperativa Médica;SC;42062319.0;21031159.5;29110345.20904918
82996703000186;329339;UNIMED DE CRICIÚMA COOPERATIVA DE TRABALHO MÉDICO DA REGIÃO CARBONÍFERA;Cooperativa Médica;SC;41830266.0;13943422.0;23269034.353492796
81170003000175;370070;UNIMED DE CASCAVEL COOPERATIVA DE TRABALHO MÉDICO;Cooperativa Médica;PR;40620235.0;40620235.0;
82353079000107;315265;PARANA ASSISTENCIA MEDICA LTDA;Medicina de Grupo;PR;38042305.0;19021152.5;26892335.084230088
60214517000105;331872;UNIMED SAO JOSE DOS CAMPOS - COOPERATIVA DE TRABALHO MEDICO;Cooperativa Médica;SP;37885342.0;12628447.333333334;16139917.997793833
75055772000120;304701;UNIMED CURITIBA - SOCIEDADE COOPERATIVA DE MÉDICOS;Cooperativa Médica;PR;37217796.0;18608898.0;20883963.20456747
87300448000109;306398;UNIMED - COOPERATIVA DE SERVIÇOS DE SAÚDE DOS VALES DO TAQUARI E RIO PARDO LTDA.;Cooperativa Médica;RS;35334347.0;11778115.666666666;19250420.741846718
28630531000187;343731;UNIMED-SÃO GONÇALO - NITERÓI - SOC.COOP.SERV.MED E HOSP LTDA;Cooperativa Médica;RJ;35069348.0;17534674.0;4495708.547251701
77858611000108;360449;UNIMED GRANDE FLORIANÓPOLIS-COOPERATIVA DE TRABALHO MEDICO;Cooperativa Médica;SC;33625076.0;16812538.0;23638343.521401368
44673382000190;359661;OMINT SERVIÇOS DE SAÚDE S.A.;Medicina de Grupo;SP;33618622.0;11206207.333333334;19403762.400163565
1608379000180;357138;UNIMED CENTRO OESTE PAULISTA - FEDERAÇÃO INTRAFEDERATIVA DAS COOPERATIVAS MÉDICAS;Cooperativa Médica;SP;27782714.0;27782714.0;
77781706000162;349712;UNIMED PONTA GROSSA COOPERATIVA DE TRABALHO MEDICO;Cooperativa Médica;PR;27718819.0;27718819.0;
299149000113;306754;ASSOCIAÇÃO DOS FUNCIONÁRIOS DO FISCO DO ESTADO DE GOIÁS;Autogestão;GO;24131327.0;24131327.0;
62638374000194;303623;CENTRO TRASMONTANO DE SAO PAULO;Medicina de Grupo;SP;22357434.0;22357434.0;
87827689000100;325571;UNIMED SERRA GAUCHA/RS COOPERATIVA DE ASSISTENCIA A SAUDE LTDA;Cooperativa Médica;RS;21108080.0;10554040.0;14898884.129383918
5657234000120;337374;UNIMED PORTO VELHO - SOCIEDADE COOPERATIVA MÉDICA LTDA;Cooperativa Médica;RO;21048066.0;10524033.0;14783583.29764364
42892281000184;386588;UNIMED GOVERNADOR VALADARES COOP. DE TRABALHO MÉDICO LTDA.;Cooperativa Médica;MG;20502530.0;10251265.0;14402145.858241055
8883265000197;416584;ASSOCIAÇÃO FUNDO DE PROTEÇÃO À SAÚDE;Autogestão;PR;19327869.0;19327869.0;
42940528000190;304344;UNIMED PARÁ DE MINAS COOPERATIVA DE TRABALHO MÉDICO LTDA.;Cooperativa Médica;MG;14402394.0;4800798.0;4289676.356593001
28714533000154;344397;UNIMED NOVA IGUACU COOPERATIVA DE TRABALHO MEDICO;Cooperativa Médica;RJ;14245413.0;7122706.5;6103822.809841428
21839519000138;345709;UNIMED CONSELHEIRO LAFAIETE COOPERATIVA DE TRABALHO MÉDICO LTDA;Cooperativa Médica;MG;14200659.0;4733553.0;8180508.008363967
5868278000107;317144;UNIMED DE FORTALEZA SOCIEDADE COOPERATIVA MÉDICA LTDA.;Cooperativa Médica;CE;13713590.0;4571196.666666667;5613402.077655344
75222224000147;343269;UNIMED DE LONDRINA COOPERATIVA DE TRABALHO MÉDICO;Cooperativa Médica;PR;13378708.0;6689354.0;9428628.288378857
4745753000187;414581;UNIÃO MÉDICA PLANOS DE SAÚDE S/A;Medicina de Grupo;BA;13129712.0;13129712.0;
78613841000161;326755;ASSOCIAÇÃO EVANGELICA BENEFICENTE DE LONDRINA;Filantropia;PR;12551277.0;12551277.0;
80871551000160;370681;UNIMED PATO BRANCO SOCIEDADE COOPERATIVA DE MÉDICOS;Cooperativa Médica;PR;11489015.0;5744507.5;8119119.56262996
29135795000127;335479;UNIMED NOVA FRIBURGO-SOC.COOP.SERV.MED.HOSP.LTDA.;Cooperativa Médica;RJ;11441805.0;5720902.5;2524325.2468951973
39419809000198;331988;PASA - PLANO DE ASSISTENCIA A SAUDE DO APOSENTADO DA VALE;Autogestão;RJ;10293740.0;10293740.0;
81710543000102;336858;UNIMED FRANCISCO BELTRAO COOPERATIVA DE TRABALHO MEDICO;Cooperativa Médica;PR;9151940.0;4575970.0;6469772.489415683
87306361000149;313211;UNIMED VALE DO CAÍ/RS - COOPERATIVA DE ASSISTÊNCIA À SAÚDE LTDA.;Cooperativa Médica;RS;8964643.0;4482321.5;6338614.7881072955
80297161000128;358282;UNIMED NORTE DO PARANÁ COOPERATIVA REGIONAL DE TRABALHO MÉDICO;Cooperativa Médica;PR;8716362.0;4358181.0;3727363.490387274
16665579000141;418803;ASSOCIAÇÃO SANTA CASA SAÚDE DE ARAÇATUBA;Medicina de Grupo;SP;8679608.0;4339804.0;6097045.1913437545
35988963000120;371777;UNIMED NORTE CAPIXABA- COOPERATIVA DE TRABALHO MÉDICO;Cooperativa Médica;ES;8623218.0;4311609.0;6079615.0091875065
87096616000196;352501;UNIMED PORTO ALEGRE - COOPERATIVA MÉDICA LTDA.;Cooperativa Médica;RS;8587252.0;4293626.0;5422223.491572622
34844263000107;422070;ELETROS SAÚDE - ASSOCIAÇÃO DE ASSISTÊNCIA À SAÚDE;Autogestão;RJ;8355909.0;8355909.0;
35642768000143;318566;UNIMED METROPOLITANA DO AGRESTE - COOPERATIVA DE TRABALHO MÉDICO;Cooperativa Médica;AL;8218820.0;4109410.0;5557474.634037298
15395999000192;333662;UNIMED DE DOURADOS COOPERATIVA DE TRABALHO MÉDICO LTDA;Cooperativa Médica;MS;8082091.0;4041045.5;5714765.587764777
7241136000132;353353;UNIMED TERESINA - COOPERATIVA DE TRABALHO MÉDICO;Cooperativa Médica;PI;7960719.0;3980359.5;5620655.332043097
24676884000167;359777;UNIMED RONDONOPOLIS COOPERATIVA DE TRABALHO MÉDICO LTDA;Cooperativa Médica;MT;7579985.0;2526661.6666666665;2568294.370860617
66872888000160;336106;UNIMED DE MARILIA COOPERATIVA DE TRABALHO MÉDICO;Cooperativa Médica;SP;7339122.0;3669561.0;4815858.213501723
25810946000144;309087;UNIMED BARBACENA - COOPERATIVA DE TRABALHO MÉDICO LTDA;Cooperativa Médica;MG;6982042.0;3491021.0;4936059.295235624
31925548000176;309222;GRUPO HOSPITALAR DO RIO DE JANEIRO LTDA;Medicina de Grupo;RJ;6889681.0;6889681.0;
84313741000112;337871;UNIMED RIO BRANCO COOPERATIVA DE TRABALHO MEDICO LTDA;Cooperativa Médica;AC;6752184.0;3376092.0;4741440.881636088
4859814000137;414310;SAÚDE BRB - CAIXA DE ASSISTÊNCIA ;Autogestão;DF;6637019.0;3318509.5;4692345.750711525
37313475000148;309907;UNIMED PALMAS COOPERATIVA DE TRABALHO MÉDICO;Cooperativa Médica;TO;6503542.0;3251771.0;2872634.026492411
4574626000162;421341;CAIXA DE ASSISTÊNCIA À SAÚDE DOS SERVIDORES PÚBLICOS DO ESTADO DO MATO GROSSO DO SUL;Autogestão;MS;6354793.0;6354793.0;
17689407000170;306886;UNIMED JUIZ DE FORA COOPERATIVA DE TRABALHO MÉDICO LTDA;Cooperativa Médica;MG;6272451.0;3136225.5;4434074.998883138
88645403000139;310247;CIRCULO OPERARIO CAXIENSE;Medicina de Grupo;RS;6082453.0;3041226.5;3711421.768005423
552181000169;328308;UNIMED DE MOCOCA COOPERATIVA DE TRAB. MÉDICO;Cooperativa Médica;SP;5986794.0;2993397.0;4122958.621762775
29640612000120;321931;CONFERÊNCIA SÃO JOSÉ DO AVAÍ;Filantropia;RJ;5897261.0;5897261.0;
45100138000109;335100;UNIMED SAO JOSÉ DO RIO PRETO - COOP. DE TRABALHO MÉDICO;Cooperativa Médica;SP;5735310.0;1911770.0;3018808.9149537105
37898335000189;357715;UNIMED DE MINEIROS COOPERATIVA DE TRABALHO MÉDICO ;Cooperativa Médica;GO;5708430.0;2854215.0;871524.6641616059
97388490000187;324345;UNIMED COSTA DO DESCOBRIMENTO COOPERATIVA DE TRABALHO MÉDICO;Cooperativa Médica;BA;5696922.0;2848461.0;4015348.283374681
26291484000169;318035;UNIMED GUAXUPÉ COOPERATIVA DE TRABALHO MEDICO;Cooperativa Médica;MG;5620702.0;2810351.0;3972863.893747431
6091170000105;415014;UNIMED OS BANDEIRANTES COOPERATIVA DE TRABALHO MÉDICO;Cooperativa Médica;SP;5580060.0;2790030.0;450806.02885054675
8380701000105;335592;UNIMED NATAL SOC. COOP. DE TRAB. MÉDICO;Cooperativa Médica;RN;5561418.0;1853806.0;3047242.1250877
71925531000133;347108;UNIMED DE BARRETOS COOPERATIVA DE TRABALHO MÉDICO;Cooperativa Médica;SP;5464684.0;5464684.0;
68709211000131;330566;UNIMED RESENDE COOPERATIVA DE TRABALHO MÉDICO;Cooperativa Médica;RJ;5438412.0;2719206.0;3844871.9094984164
50368034000101;304123;UNIMED DE AVARÉ COOPERATIVA DE TRABALHO MÉDICO;Cooperativa Médica;SP;5290576.0;2645288.0;3709842.7985630333
45309606000141;354783;UNIMED FRANCA - SOCIEDADE COOPERATIVA DE SERVIÇOS MÉDICOS E HOSPITALARES;Cooperativa Médica;SP;5041630.0;2520815.0;3531567.036890281
8707473000135;367397;UNIMED CAMPINA GRANDE - COOPERATIVA DE TRABALHO MEDICO LTDA;Cooperativa Médica;PB;4825244.0;4825244.0;
44803922000102;315729;UNIMED DE PIRACICABA SOCIEDADE COOPERATIVA DE SERVIÇOS MÉDICOS;Cooperativa Médica;SP;4789509.0;2394754.5;3364279.0074903867
24243925000121;321125;UNIODONTO MACEIÓ COOPERATIVA ODONTOLÓGICA;Cooperativa odontológica;AL;4734095.0;4734095.0;
49320799000192;342611;ECONOMUS INSTITUTO DE SEGURIDADE SOCIAL;Autogestão;SP;4368183.0;1456061.0;1294781.703910354
37436920000167;304468;UNIMED BARRA DO GARÇAS - COOPERATIVA DE TRABALHO MÉDICO;Cooperativa Médica;MT;4246543.0;2123271.5;3002250.235017811
2989632000155;401480;EVANGELICO SAUDE LTDA.;Medicina de Grupo;PR;4068858.0;2034429.0;2862126.4197239787
3219363000100;407224;SEPACO SAÚDE LTDA;Medicina de Grupo;SP;3928562.0;3928562.0;
16513178000176;343889;UNIMED BELO HORIZONTE COOPERATIVA DE TRABALHO MÉDICO;Cooperativa Médica;MG;3924055.0;1308018.3333333333;2231100.786306691
55990451000105;422762;SANTA CASA DE MISERICÓRDIA E BENEFICÊNCIA PORTUGUESA;Filantropia;SP;3869192.0;1934596.0;2654723.51552059
1569902000106;346951;UNIMED CAÇADOR COOPERATIVA DE TRABALHO MÉDICO DA REGIÃO DO CONTESTADO;Cooperativa Médica;SC;3723439.0;1861719.5;2573387.143801045
71063853000110;356581;UNIMED ITAÚNA COOPERATIVA DE TRABALHO MÉDICO LTDA.;Cooperativa Médica;MG;3697386.0;1848693.0;2614022.449195492
89640452000141;350648;UNIMED REGIÃO DA CAMPANHA/RS - COOPERATIVA DE ASSISTÊNCIA À SAÚDE LTDA.;Cooperativa Médica;RS;3448417.0;1149472.3333333333;1887765.707071281
85241339000132;364860;UNIMED DE TUBARAO - COOPERATIVA DE TRABALHO MEDICO DA REGIAO DA AMUREL;Cooperativa Médica;SC;3256559.0;1085519.6666666667;1450989.4906309051
59847780000152;327417;AUSTACLINICAS ASSISTÊNCIA MÉDICA E HOSPITALAR LTDA;Medicina de Grupo;SP;3188179.0;1594089.5;987113.2883618273
65732836000126;345776;UNIMED DE BIRIGUI - COOPERATIVA DE TRABALHO MÉDICO;Cooperativa Médica;SP;3165773.0;1582886.5;2182197.287672336
368318000120;321087;UNIMED MARQUES DE VALENÇA COOPERATIVA DE TRABALHO MÉDICO LTDA.;Cooperativa Médica;RJ;3143386.0;3143386.0;
60633369000163;331341;UNIMED DE BEBEDOURO COOPERATIVA DE TRABALHO MÉDICO;Cooperativa Médica;SP;3008364.0;3008364.0;
13816250000146;418226;OPLAN SAÚDE OPERADORA DE PLANO DE SAÚDE LTDA;Medicina de Grupo;RJ;2994256.0;1497128.0;2105846.0187601564
2580965000126;370711;UNIODONTO ESPIRITO SANTO COOPERATIVA ODONTOLOGICA;Cooperativa odontológica;ES;2917403.0;2917403.0;
78339439000130;312720;UNIMED DO ESTADO DO PARANÁ FEDERAÇÃO ESTADUAL DAS COOPERATIVAS MÉDICAS;Cooperativa Médica;PR;2884518.0;1442259.0;371880.1841480667
57149775000140;353027;UNIMED SUL PAULISTA - COOPERATIVA DE TRABALHO MÉDICO;Cooperativa Médica;SP;2859992.0;1429996.0;2013127.3491838514
74521188000150;318388;UNIMED DE SÃO ROQUE - COOPERATIVA DE TRABALHO MÉDICO;Cooperativa Médica;SP;2824886.0;1412443.0;1997467.762407694
43293604000186;355097;SANTA HELENA ASSISTÊNCIA MÉDICA S/A.;Medicina de Grupo;SP;2702213.0;2702213.0;
2774736000142;354511;OPERADORA UNIESTE DE PLANOS DE SAÚDE LTDA;Medicina de Grupo;RJ;2663900.0;2663900.0;
80653975000158;340251;UNIMED EXTREMO OESTE CATARINENSE COOPERATIVA DE TRABALHO MÉDICO;Cooperativa Médica;SC;2619498.0;1309749.0;1738338.582946947
32440968000125;320706;UNIMED SUL CAPIXABA COOPERATIVA DE TRABALHO MÉDICO;Cooperativa Médica;ES;2596795.0;1298397.5;151099.52675140978
88938089000182;366439;UNIODONTO PORTO ALEGRE COOPERATIVA ODONTOLOGICA LTDA;Cooperativa odontológica;RS;2408598.0;2408598.0;
15308521000188;368555;UNIODONTO BELÉM - COOPERATIVA DE ASSISTÊNCIA À SAÚDE ODONTOLÓGICA;Cooperativa odontológica;PA;2392735.0;2392735.0;
87638334000173;357022;UNIMED ERECHIM - COOPERATIVA DE SERVIÇOS DE SAÚDE LTDA.;Cooperativa Médica;RS;2359274.0;1179637.0;1667588.3068485458
48717516000188;385620;UNIMED DE LORENA COOPERATIVA DE TRABALHO MÉDICO;Cooperativa Médica;SP;2357234.0;1178617.0;1645583.1438180206
59499251000105;366340;UNIMED DE CAPIVARI -COOPERATIVA DE TRABALHO MÉDICO;Cooperativa Médica;SP;2355670.0;1177835.0;1594999.5531190597
44595858000111;314315;UNIODONTO DO BRASIL CENTRAL NACIONAL DAS COOPERATIVAS ODONTÓLOGICAS;Cooperativa odontológica;SP;2352663.0;2352663.0;
44456036000150;369659;UNIMED DE BAURU COOPERATIVA DE TRABALHO MÉDICO;Cooperativa Médica;SP;2139236.0;1069618.0;1472834.1287470222
60499365000134;410292;FUNDACAO LEONOR DE BARROS CAMARGO;Filantropia;SP;2067405.0;2067405.0;
20320487000105;368920;AGROS - INSTITUTO UFV DE SEGURIDADE SOCIAL;Autogestão;MG;2016648.0;2016648.0;
68204486000113;314781;UNIMED DE DRACENA - COOPERATIVA DE TRABALHO MÉDICO;Cooperativa Médica;SP;2013878.0;671292.6666666666;1158158.6537907203
25064148000110;313084;COOPERATIVA DE TRABALHO MEDICO DE ARAGUAÍNA - UNIMED ARAGUAÍNA;Cooperativa Médica;TO;1969988.0;1969988.0;
1143922000110;350346;UNIMED CACERES COOPERATIVA DE TRABALHO MÉDICO ;Cooperativa Médica;MT;1817338.0;1817338.0;
25250820000162;319121;UNIMED DIVINOPOLIS - COOPERATIVA DE TRABALHO MEDICO LTDA;Cooperativa Médica;MG;1689832.0;844916.0;1020934.912812761
42946061000196;354996;UNIMED ALFENAS COOPERATIVA DE TRABALHO MEDICO;Cooperativa Médica;MG;1676036.0;838018.0;1043715.0648754669
45118429000116;351407;UNIMED DE CATANDUVA - COOPERATIVA DE TRABALHO MÉDICO;Cooperativa Médica;SP;1576296.0;788148.0;1101324.4685522972
66343534000129;314587;UNIMED VIÇOSA - COOPERATIVA DE TRABALHO MÉDICO;Cooperativa Médica;MG;1575668.0;787834.0;1113387.7102393399
25686544000180;362573;UNIMED DE UBA COOPERATIVA DE TRABALHO MEDICO;Cooperativa Médica;MG;1545897.0;772948.5;1068816.648500808
84112481000117;313971;FEDERAÇÃO DAS SOCIEDADES COOPERATIVAS DE TRABALHO MÉDICO DO ACRE, AMAPÁ, AMAZONAS, PARÁ, RONDONIA E RORAIMA;Cooperativa Médica;AM;1520915.0;1520915.0;
21575709000195;342807;SANTA CASA DE MISERICÓRDIA DE JUIZ DE FORA;Filantropia;MG;1513945.0;756972.5;259496.16788018277
17774738000109;354066;UNIMED UBERABA COOPERATIVA DE TRABALHO MEDICO LTDA.;Cooperativa Médica;MG;1456547.0;485515.6666666667;759311.5958289675
68682715000105;324299;PLAMER PLANO MEDICO RESENDE LTDA;Medicina de Grupo;RJ;1441049.0;1441049.0;
43643139000166;319996;UNIMED DO ESTADO DE SÃO PAULO - FEDERAÇÃO ESTADUAL DAS COOP. MÉDICAS;Cooperativa Médica;SP;1325761.0;662880.5;361221.96363524185
29309127000179;326305;AMIL ASSISTÊNCIA MÉDICA INTERNACIONAL S.A.;Medicina de Grupo;SP;1264953.0;632476.5;856589.8618361648
35830868000101;302953;UNIMED DE MACAÉ COOPERATIVA DE ASSISTÊNCIA À SAÚDE;Cooperativa Médica;RJ;1243546.0;1243546.0;
25910449000118;331651;UNIMED ARAXÁ COOPERATIVA DE TRABALHO MÉDICO LTDA.;Cooperativa Médica;MG;1201968.0;1201968.0;
88732318000108;343684;UNIMED ALTO DA SERRA - SOCIEDADE COOPERATIVA DE SERVIÇO MÉDICO LTDA.;Cooperativa Médica;RS;1199968.0;399989.3333333333;689644.3206003609
87701249000102;311618;UNIMED MISSÕES/RS - COOPERATIVA DE ASSISTÊNCIA À SAÚDE LTDA.;Cooperativa Médica;RS;1136595.0;568297.5;620228.1065160624
1647867000104;320838;UNIMED INTRAFEDERATIVA FEDERAÇÃO REGIONAL SUL DE MINAS;Cooperativa Médica;MG;1029058.0;1029058.0;
21490586000190;337188;COOPERATIVA DE TRABALHO MÉDICO DE POUSO ALEGRE;Cooperativa Médica;MG;1003633.0;501816.5;700491.7972485473
7270625000112;415626;FEDERAÇÃO DAS COOP ODONTOLÓGICAS DO ESTADO DE SANTA CATARINA;Cooperativa odontológica;SC;980386.0;980386.0;
5455431000166;327328;CASA DE SAÚDE NOSSA SENHORA DE FÁTIMA  LTDA.;Medicina de Grupo;CE;936597.0;312199.0;36544.435869226385
2315431000172;307319;CAIXA DE ASSISTÊNCIA DOS EMPREGADOS DO BANCO DO ESTADO DO RIO GRANDE DO SUL;Autogestão;RS;923445.0;923445.0;
85246916000189;318213;COOPERATIVA DE TRABALHO MEDICO REGIÃO DO PLANALTO SERRANO;Cooperativa Médica;SC;880829.0;440414.5;618385.3862442903
41511429000120;316458;UNIMED REGIONAL DE FLORIANO - COOPERATIVA DE TRABALHO MÉDICO;Cooperativa Médica;PI;871373.0;871373.0;
2018620000183;344788;UNIMED DE CORUMBA COOPERATIVA DE TRABALHO MÉDICO;Cooperativa Médica;MS;853773.0;853773.0;
37652765000116;334847;UNIMED DE JATAÍ COOPERATIVA DE TRABALHO MÉDICO LTDA.;Cooperativa Médica;GO;831761.0;415880.5;432884.4074813737
763923000103;341819;UNIMED ALTO PARANAIBA COOPERATIVA DE TRABALHO MEDICO;Cooperativa Médica;MG;822772.0;822772.0;
51427540000197;311294;UNIMED DE OURINHOS - COOPERATIVA DE TRABALHO MÉDICO;Cooperativa Médica;SP;805773.0;402886.5;548390.3001881962
64327059000171;315648;UNIMED CATAGUASES COOPERATIVA DE TRABALHO MÉDICO LTDA;Cooperativa Médica;MG;804368.0;268122.6666666667;47953.31247508698
23802218000165;322831;UNIMED ITAJUBA COOPERATIVA DE TRABALHO MEDICO;Cooperativa Médica;MG;752111.0;250703.66666666666;433053.78428127535
1554266000149;348244;UNIMED DE BRUSQUE COOPERATIVA DE TRABALHO MÉDICO;Cooperativa Médica;SC;740939.0;370469.5;516420.5883971901
33721226000130;343676;SAMOC S.A. - SOCIEDADE ASSISTENCIAL MÉDICA E ODONTO CIRÚRGICA;Medicina de Grupo;RJ;721266.0;240422.0;414219.2476298029
11996146000155;417661;CAIXA DE ASSISTÊNCIA À SAÚDE DO SINDICATO DOS FUNCIONÁRIOS INTEGRANTES DO GRUPO OCUPACIONAL ADMINISTRAÇÃO TRIBUTÁRIA DO ESTADO DE PERNAMBUCO;Autogestão;PE;680988.0;226996.0;6706.500726906693
75003525000180;361615;UNIMED DE PARANAGUÁ COOPERATIVA DE TRABALHO MÉDICO;Cooperativa Médica;PR;679463.0;339731.5;470058.4251819129
64388812000139;364070;UNIMED TRÊS PONTAS - COOPERATIVA DE TRABALHO MÉDICO;Cooperativa Médica;MG;655435.0;327717.5;395262.0840815623
67417519000140;325031;UNIMED DE LENÇOIS PAULISTA - COOPERATIVA DE TRABALHO MÉDICO;Cooperativa Médica;SP;648335.0;324167.5;458365.70744821214
5814777000103;385697;CAIXA DE ASSISTÊNCIA DOS FUNCIONÁRIOS DO BANCO DO NORDESTE DO BRASIL;Autogestão;CE;645771.0;645771.0;
42936518000181;386901;UNIMED LEOPOLDINA COOPERATIVA DE TRABALHO MÉDICO LTDA;Cooperativa Médica;MG;645085.0;645085.0;
76767219000182;371254;UNIMED REGIONAL MARINGÁ COOP.DE TRABALHO MÉDICO;Cooperativa Médica;PR;638544.0;212848.0;179853.05683251537
35917970000130;364584;UNIMED DE VOLTA REDONDA COOPERATIVA DE TRABALHO MÉDICO;Cooperativa Médica;RJ;636586.0;636586.0;
29780384000194;342955;HSMED SAUDE LTDA;Medicina de Grupo;RJ;611356.0;611356.0;
19304091000187;419524;SORRIDEN CONVÊNIOS ODONTOLÓGICOS S.A.;Odontologia de Grupo;SP;594145.0;594145.0;
8680639000177;321044;UNIMED JOAO PESSOA - COOPERATIVA DE TRABALHO MÉDICO;Cooperativa Médica;PB;572830.0;286415.0;404920.4556057893
38499547000156;353060;UNIMED PATOS DE MINAS COOPERATIVA TRABALHO MÉDICO LTDA.;Cooperativa Médica;MG;571345.0;190448.33333333334;307683.7363939364
8708980000193;416738;OESTE SAÚDE ASSISTÊNCIA A SAÚDE SUPLEMENTAR S.A;Medicina de Grupo;SP;525452.0;262726.0;240478.53100017057
3315918000118;312851;UNIMED CAMPO GRANDE MS COOPERATIVA DE TRABALHO MÉDICO;Cooperativa Médica;MS;499980.0;249990.0;151165.28768206012
48628366000136;369292;UNIMED DE SANTA BÁRBARA D'OESTE E AMERICANA - COOP DE TRABALHO MÉDICO;Cooperativa Médica;SP;489868.0;244934.0;346148.56838068826
3627391000167;411809;SOCIEDADE DE ASSISTÊNCIA MÉDICA - SAMEISA;Autogestão;RS;477729.0;477729.0;
2864364000145;360244;PLANO DE SAÚDE ANA COSTA LTDA.;Medicina de Grupo;SP;454308.0;227154.0;1084.7018023401638
381694000154;372561;UNIMED ALTO VALE - COOPERATIVA DE TRABALHO MÉDICO;Cooperativa Médica;SC;450790.0;225395.0;273730.93449224916
25906728000108;419028;COOPERATIVA DE TRABALHO ODONTOLOGICO - UNIODONTO ITAJUBÁ;Cooperativa odontológica;MG;445394.0;445394.0;
71064539000152;324175;UNIMED SUDOESTE DE MINAS COOPERATIVA DE TRABALHO MÉDICO;Cooperativa Médica;MG;429480.0;429480.0;
38272479000198;422584;PB ASSISTENCIA MEDICA EU LTDA;Medicina de Grupo;BA;425601.0;141867.0;13735.158644879206
87497368000195;319708;UNIMED SANTA MARIA/RS - COOPERATIVA DE ASSISTÊNCIA À SAÚDE LTDA;Cooperativa Médica;RS;413555.0;137851.66666666666;101530.76973180758
85177194000158;317012;COOPERATIVA DE TRABALHO MÉDICO DO PLANALTO NORTE DE SANTA CATARINA LTDA;Cooperativa Médica;SC;387518.0;129172.66666666667;178063.86285918133
2668512000156;350249;H.B. SAÚDE S/A.;Medicina de Grupo;SP;386602.0;193301.0;195888.3773785469
29290152000158;330264;UNIMED DE BARRA MANSA SOC. COOP. SERV.MED.E HOSPIT.;Cooperativa Médica;RJ;384122.0;192061.0;257833.7598376132
41871989000196;301060;UNIMED ITUIUTABA COOPERATIVA TRABALHO MÉDICO LTDA.;Cooperativa Médica;MG;376803.0;188401.5;260719.4626116355
28502128000172;343331;CAIXA DE ASSISTÊNCIA DOS EMPREGADOS DO SISTEMA FINANCEIRO BANESTES;Autogestão;ES;363204.0;121068.0;5962.277165647367
42855999000109;359033;UNIMED TRÊS CORAÇÕES COOPERATIVA DE TRABALHO MÉDICO LTDA.;Cooperativa Médica;MG;361994.0;180997.0;253422.82773657152
77893469000121;420930;HOSPITAL DE CARIDADE SÃO VICENTE DE PAULO;Filantropia;PR;355535.0;177767.5;212015.36173706848
78044815000160;322571;UNIMED GUARAPUAVA COOPERATIVA DE TRABALHO MÉDICO;Cooperativa Médica;PR;338023.0;169011.5;211575.54131917044
41248894000110;422835;VIDA TOP MAIS SAÚDE OPERADORA DE PLANOS DE SAÚDE LTDA.;Medicina de Grupo;SP;325656.0;325656.0;
45359213000142;354031;UNIMED SÃO CARLOS - COOPERATIVA DE TRABALHO MÉDICO;Cooperativa Médica;SP;322322.0;161161.0;227633.22921313575
2597394000132;314099;UNIMED VALE DO SEPOTUBA - COOPERATIVA DE TRABALHO MÉDICO;Cooperativa Médica;MT;310913.0;310913.0;
1648339000161;414905;VITA ASSISTÊNCIA A SAÚDE LTDA.;Medicina de Grupo;MG;307172.0;153586.0;210208.70391113684
532888000103;353698;UNIMED REGIÃO DA PRODUÇÃO/RS - COOPERATIVA DE ASSISTÊNCIA À SAÚDE LTDA;Cooperativa Médica;RS;267441.0;133720.5;97974.59428086446
69087922000184;323055;UNIMED NORTE PAULISTA - COOPERATIVA DE TRABALHO MÉDICO;Cooperativa Médica;SP;261635.0;261635.0;
4257073000114;413330;AMEP FREGUESIA OPERADORA DE PLANO DE SAUDE LTDA;Medicina de Grupo;RJ;257897.0;85965.66666666667;63354.40513755404
2254846000183;365785;COOPERATIVA ODONTOLÓGICA DO ESTADO DO AMAPÁ;Cooperativa odontológica;AP;253947.0;253947.0;
103956000119;300136;UNIMED LITORAL SUL/RS - COOPERATIVA DE ASSISTÊNCIA À SAÚDE LTDA.;Cooperativa Médica;RS;251852.0;125926.0;166213.93419927225
44649812000138;359017;NOTRE DAME INTERMÉDICA SAÚDE S.A.;Medicina de Grupo;SP;240000.0;80000.0;70933.43817974707
73936395000102;311715;UNIMED ENCOSTA DA SERRA/RS SOCIEDADE COOPERATIVA DE SERVIÇOS DE SAÚDE LTDA.;Cooperativa Médica;RS;220177.0;220177.0;
6037000127;361941;UNIMED DE TATUI - COOPERATIVA DE TRABALHO MÉDICO;Cooperativa Médica;SP;215148.0;215148.0;
89870547000151;311375;UNIMED PELOTAS/RS - COOPERATIVA DE ASSISTÊNCIA À SAÚDE LTDA.;Cooperativa Médica;RS;212955.0;106477.5;141769.95988043447
68687722000108;409286;G & M ASSESSORIA MEDICA EMPRESARIAL LTDA;Medicina de Grupo;RJ;208572.0;104286.0;146379.58898698958
7057185000110;352543;UNIMED MARANHÃO DO SUL - COOPERATIVA DE TRABALHO MÉDICO;Cooperativa Médica;MA;207115.0;103557.5;141740.26139562464
26629238000174;312347;UNIMED ANÁPOLIS COOPERATIVA DE TRABALHO MÉDICO.;Cooperativa Médica;GO;206942.0;103471.0;66210.65056318356
30417661000188;312592;UNIMED NORTE FLUMINENSE COOPERATIVA DE TRABALHO MEDICO;Cooperativa Médica;RJ;204406.0;204406.0;
62476676000103;312282;INTERMEDICI PIRACICABA ASSISTENCIA MEDICA LTDA;Medicina de Grupo;SP;204191.0;102095.5;125816.21668330359
773639000100;392804;CENTRO CLÍNICO GAÚCHO LTDA;Medicina de Grupo;CE;191990.0;95995.0;87561.03271433018
262338000111;311944;UNIMED DE ADAMANTINA-COOPERATIVA DE TRABALHO MÉDICO;Cooperativa Médica;SP;183729.0;61243.0;88540.3022301144
73967085000155;353663;UNIMED NORTE DO MATO GROSSO COOPERATIVA DE TRABALHO MÉDICO;Cooperativa Médica;MT;181673.0;90836.5;20663.781466614477
58837188000107;346276;UNIMED SALTO/ITU - COOPERATIVA MÉDICA;Cooperativa Médica;SP;176441.0;88220.5;28912.889175936743
41929347000109;422959;PRESERVE SAUDE ASSISTENCIA MEDICA LTDA;Medicina de Grupo;BA;167551.0;55850.333333333336;83403.45632126604
18275071000162;419133;POSTAL SAÚDE CAIXA DE ASSISTÊNCIA E SAÚDE DOS EMPREGADOS DOS CORREIOS;Autogestão;DF;165152.0;82576.0;113668.82928929989
42939207000176;367613;UNIMED CAMPO BELO- COOPERATIVA DE TRABALHO MÉDICO;Cooperativa Médica;MG;165110.0;82555.0;92557.44923019432
1193663000132;324566;UNIMED DE CATALÃO COOPERATIVA DE TRABALHO MÉDICO;Cooperativa Médica;GO;159704.0;53234.666666666664;18459.26602910672
366982000130;386596;CENTRAL REGIONAL DAS COOPERATIVAS MÉDICAS - UNIMED CERRADO;Cooperativa Médica;GO;159000.0;53000.0;58802.178743648605
69612158000119;313475;UNIMED REGIONAL DE PICOS - COOPERATIVA DE TRABALHO MÉDICO;Cooperativa Médica;PI;150657.0;75328.5;106326.93958023997
24645912000189;420166;PLANO DE SAÚDE DA SANTA CASA DE BRAGANÇA PAULISTA;Medicina de Grupo;SP;147200.0;147200.0;
12923462000160;361569;UNIODONTO DE JOÃO PESSOA COOPERATIVA ODONTOLÓGICA;Cooperativa odontológica;PB;147181.0;147181.0;
17505793000101;314668;ABERTTA SAÚDE - ASSOCIAÇÃO BENEFICENTE DOS EMPREGADOS DA ARCELORMITTAL NO BRASIL;Autogestão;MG;145688.0;72844.0;22449.22608911051
56384183000140;347655;IRMANDADE DA SANTA CASA DE MISERICÓRDIA DE RIO CLARO;Filantropia;SP;144831.0;72415.5;95057.07170168876
16991945000152;359289;UNIMED VALE DO AÇO COOPERATIVA DE TRABALHO MÉDICO;Cooperativa Médica;MG;142027.0;142027.0;
23278898000160;333875;IRMANDADE DA SANTA CASA DE MISERICÓRDIA DE PASSOS;Filantropia;MG;139851.0;69925.5;62854.014672891026
8202035000115;416568;ASSOCIAÇÃO DE ASSISTÊNCIA À SAÚDE DOS EMPREGADOS DA COPASA;Autogestão;MG;136000.0;136000.0;
39384664000137;371629;UNIMED NOROESTE CAPIXABA COOPERATIVA DE TRABALHO MÉDICO.;Cooperativa Médica;ES;135750.0;67875.0;95706.9028335992
8315806000180;336467;UNIMED PATOS - COOPERATIVA DE TRABALHO MÉDICO;Cooperativa Médica;PB;133604.0;66802.0;3671.298407920555
60975174000100;314218;ASSOCIAÇÃO DE BENEFICÊNCIA E FILANTROPIA SÃO CRISTOVÃO;Filantropia;SP;133540.0;66770.0;14523.973285571687
65422339000121;345598;UNIMED AMPARO COOPERATIVA DE TRABALHO MÉDICO;Cooperativa Médica;SP;133374.0;66687.0;92754.02491536418
41905498000119;315494;UNIMED NOROESTE DE MINAS COOPERATIVA DE TRABALHO MEDICO LTDA;Cooperativa Médica;MG;133082.0;44360.666666666664;40003.85226866699
78420783000150;305227;UNIMED OESTE DO PARANA - COOPERATIVA DE TRABALHO MEDICO;Cooperativa Médica;PR;132592.0;66296.0;92022.8765036173
34011288000111;387185;ASSOCIAÇÃO DOS AUDITORES FISCAIS DA RECEITA ESTADUAL DO RIO DE JANEIRO;Autogestão;RJ;123900.0;41300.0;23830.862342768884
45425899000122;304883;UNIMED DE BOTUCATU COOPERATIVA DE TRABALHO MÉDICO;Cooperativa Médica;SP;121163.0;121163.0;
11867361000156;418919;ASSOCIAÇÃO SAÚDE SÃO JOSÉ;Medicina de Grupo;SC;116369.0;38789.666666666664;57941.15029349464
23869306000184;420158;ASSOCIAÇÃO PADRE ALBINO SAÚDE;Medicina de Grupo;SP;115174.0;115174.0;
20909271000171;354325;UNIMED ARAGUARI COOPERATIVA DE TRABALHO MÉDICO ;Cooperativa Médica;MG;115081.0;38360.333333333336;21434.479357645552
87647756000105;357260;UNIMED NOROESTE/RS - SOCIEDADE COOPERATIVA DE ASSISTÊNCIA À SAÚDE LTDA.;Cooperativa Médica;RS;114328.0;57164.0;76144.08662529218
59849182000112;345091;SANTA CASA DE MISERICORDIA DE SAO JOAQUIM DA BARRA;Filantropia;SP;113925.0;37975.0;19344.10439901522
44663631000166;306126;UNIMED DE RIO CLARO SP COOPERATIVA DE TRABALHO MEDICO;Cooperativa Médica;SP;109550.0;36516.666666666664;35209.39018689948
4558034000157;414492;LIFE EMPRESARIAL SAÚDE LTDA.;Medicina de Grupo;SP;104610.0;52305.0;70105.39471395907
12442737000143;327689;UNIMED MACEIO COOPERATIVA DE TRABALHO MÉDICO;Cooperativa Médica;AL;102053.0;102053.0;
46124624000111;335690;UNIMED CAMPINAS - COOPERATIVA DE TRABALHO MÉDICO;Cooperativa Médica;SP;95659.0;47829.5;4062.3284579167157
1012474000116;343722;UNIMED PONTE NOVA COOPERATIVA DE TRABALHO MEDICO LTDA;Cooperativa Médica;MG;93529.0;31176.333333333332;16635.657015379144
51093193000103;369411;UNIMED DE ARACATUBA - COOPERATIVA DE TRABALHO MÉDICO;Cooperativa Médica;SP;93250.0;46625.0;31671.312729345464
47565155000139;342343;UNIMED DE PINDAMONHANGABA - COOPERATIVA TRABALHO MEDICO;Cooperativa Médica;SP;91461.0;45730.5;63894.87585479762
37020290000145;422827;TRINO - ALIANCA FILANTRÓPICA DE ASSISTÊNCIA E INTEGRAÇÃO PARA O DESENVOLVIMENTO DA SAUDE;Medicina de Grupo;ES;88775.0;88775.0;
72783970000111;329886;UNIMED DE JABOTICABAL COOP. DE TRABALHO MÉDICO;Cooperativa Médica;SP;80987.0;80987.0;
846662000187;379280;LIV LINHAS INTELIGENTES DE ATENÇÃO À VIDA S/A;Medicina de Grupo;SP;78140.0;39070.0;54899.77049132355
22027346000116;382281;PLANO DE ASSISTÊNCIA MÉDICA MINEIRA LTDA;Medicina de Grupo;MG;75283.0;75283.0;
22666341000133;305626;PRONTOCLINICA E HOSPITAIS SAO LUCAS S/A;Medicina de Grupo;MG;74849.0;74849.0;
25471574000179;370088;UNIMED SÃO LOURENÇO COOPERATIVA DE TRABALHO MÉDICO;Cooperativa Médica;MG;72115.0;36057.5;50647.93741604884
2192677000102;342157;UNIMED MORRINHOS COOPERATIVA DE TRABALHO MEDICO;Cooperativa Médica;GO;71903.0;71903.0;
87689527000153;352179;UNIMED FRONTEIRA NOROESTE/RS - COOPERATIVA DE ASSISTÊNCIA À SAÚDE LTDA.;Cooperativa Médica;RS;70295.0;35147.5;22524.88651469747
62465117000106;315478;FUNDAÇÃO CESP;Autogestão;SP;69152.0;69152.0;
42043067000153;346209;UNIMED EXTREMO SUL COOPERATIVA DE TRABALHO MÉDICO;Cooperativa Médica;BA;68648.0;34324.0;4191.728998873854
71695746000105;354279;UNIMED DE LINS - COOPERATIVA DE TRABALHOS MÉDICOS;Cooperativa Médica;SP;67673.0;33836.5;46784.305963645544
88258884000120;356417;UNIMED VALE DO SINOS - COOPERATIVA DE ASSISTÊNCIA À SAÚDE LTDA;Cooperativa Médica;RS;65972.0;65972.0;
36503186000149;422339;LEVE SAUDE OPERADORA DE PLANOS DE SAUDE S.A;Medicina de Grupo;RJ;65638.0;21879.333333333332;6801.743992045962
22720791000167;304395;UNIMED INCONFIDENTES COOPERATIVA DE TRABALHO MÉDICO LTDA.;Cooperativa Médica;MG;61485.0;20495.0;7206.301062264884
946953000147;337498;UNIMED TRÊS RIOS COOPERATIVA DE TRABALHO MÉDICO;Cooperativa Médica;RJ;61346.0;61346.0;
46426569000114;423335;UNITY SERVIÇOS INTEGRADOS DE SAÚDE LTDA.;Medicina de Grupo;DF;58019.0;19339.666666666668;16430.76280436588
85283299000191;354295;UNIMED CHAPECÓ - COOPERATIVA DE TRABALHO MÉDICO DA REGIÃO OESTE CATARINENSE;Cooperativa Médica;SC;55851.0;18617.0;4470.662702553169
12838821000180;418285;FUNDAÇÃO FIAT SAÚDE E BEM ESTAR;Autogestão;MG;55381.0;55381.0;
71186886000158;327638;UNIMED SÃO JOÃO NEPOMUCENO COOPERATIVA DE TRABALHO MÉDICO LTDA.;Cooperativa Médica;MG;52896.0;17632.0;21773.279495748913
3980208000102;342386;UNIMED REGIONAL DE TRES LAGOAS COOPERATIVA DE TRABALHO MÉDICO;Cooperativa Médica;MS;52681.0;26340.5;37166.23952594613
34269803000168;331317;REAL GRANDEZA - FUNDAÇÃO DE PREVIDÊNCIA E ASSISTÊNCIA SOCIAL;Autogestão;RJ;51066.0;51066.0;
40294225000112;352683;UNIMED DE CAMPOS COOPERATIVA DE TRABALHO MÉDICO;Cooperativa Médica;RJ;51015.0;17005.0;11689.11831576702
1685053000156;6246;SUL AMERICA COMPANHIA DE SEGURO SAÚDE;Seguradora Especializada em Saúde;RJ;50000.0;50000.0;
42160192000143;317233;FUNDAÇÃO CHESF DE ASSISTÊNCIA E SEGURIDADE SOCIAL;Autogestão;PE;50000.0;50000.0;
2248344000140;371564;UNIMED FRUTAL COOPERATIVA DE TRABALHO MEDICO LTDA;Cooperativa Médica;MG;49570.0;16523.333333333332;26983.96993278293
2322043000119;306762;UNIMED REGIONAL JAU - COOPERATIVA DE TRABALHO MÉDICO;Cooperativa Médica;SP;46895.0;23447.5;17848.082263929646
27452545000195;421421;2CARE OPERADORA DE SAÚDE LTDA.;Medicina de Grupo;SP;46616.0;46616.0;
17845504000105;344729;UNIMED VARGINHA COOPERATIVA DE TRABALHO MÉDICO;Cooperativa Médica;MG;45510.0;15170.0;9980.344483032637
11336728000105;418218;ASSOCIAÇÃO SAÚDE RURAL ALEGRETE;Medicina de Grupo;RS;45027.0;45027.0;
15131148000132;418587;AMHA SAUDE S/A;Medicina de Grupo;SP;43250.0;14416.666666666666;2798.9521848958643
26150979000178;323942;FUNDAÇÃO FILANTRÓPICA E BENEFICENTE DE SAÚDE ARNALDO GAVAZZA FILHO;Filantropia;MG;43008.0;21504.0;22519.936767229166
45399961000159;348295;UNIMED SOROCABA COOPERATIVA DE TRABALHO MÉDICO;Cooperativa Médica;SP;42715.0;14238.333333333334;2886.4568822924293
58119199000151;301949;ODONTOPREV S/A;Odontologia de Grupo;SP;42214.0;21107.0;15084.001856271432
37275625000176;320251;UNIMED RIO VERDE COOPERATIVA TRABALHO MEDICO;Cooperativa Médica;GO;41850.0;13950.0;2460.5080776132395
24449225000198;340952;UNIMED CARUARU-COOPERATIVA DE TRABALHO MEDICO;Cooperativa Médica;PE;40250.0;20125.0;18420.131649909563
66916305000156;327468;UNIMED SUDOESTE PAULISTA COOPERATIVA DE TRABALHO MÉDICO;Cooperativa Médica;SP;39998.0;39998.0;
7844436000106;415774;CABERJ INTEGRAL SAÚDE S.A;Medicina de Grupo;RJ;39475.0;19737.5;5391.689206547425
49210966000142;311847;UNIMED REGIONAL DA BAIXA MOGIANA - COOPERATIVA DE TRABALHO MÉDICO;Cooperativa Médica;SP;38134.0;12711.333333333334;5403.910189236432
1356020000162;301744;UNIMED MEIO OESTE CATARINENSE COOPERATIVA DE TRABALHO MÉDICO;Cooperativa Médica;SC;37670.0;37670.0;
730439000170;353876;UNIMED PONTAL DO TRIÂNGULO - COOPERATIVA DE TRABALHO MÉDICO;Cooperativa Médica;MG;36099.0;18049.5;11618.471521676162
304148000110;311359;FUNDAÇÃO DE SAÚDE ITAIGUAPY;Medicina de Grupo;PR;35800.0;11933.333333333334;12663.736941887782
64924095000112;303739;SERMED-SAÚDE LTDA.;Medicina de Grupo;SP;33618.0;16809.0;4741.858074636988
23557177000199;420123;ASSOCIAÇÃO UNIVIDA SANTA RITA DO PASSA QUATRO;Medicina de Grupo;SP;32560.0;32560.0;
24294787000100;343153;UNIMED SOUSA - COOPERATIVA DE TRABALHO MÉDICO;Cooperativa Médica;PB;30958.0;30958.0;
92219070000153;413372;SOCIEDADE PORTUGUESA DE BENEFICÊNCIA;Filantropia;RS;30519.0;10173.0;6264.702067935873
4204285000133;358754;CAIXA DE ASSISTÊNCIA DOS FUNCIONÁRIOS DO BANCO DA AMAZÔNIA - CASF;Autogestão;PA;30230.0;10076.666666666666;7660.498243151899
15713057000105;420000;ASSOCIAÇÃO DO PLANO DE SAÚDE DA SANTA CASA DE MISERICÓRDIA DE ITABUNA - PLANSUL;Medicina de Grupo;BA;29547.0;14773.5;19337.249145108515
3638220000133;411582;PLANO DE SAUDE ASES LTDA.;Medicina de Grupo;RJ;29187.0;14593.5;6609.32708375066
20946877000187;325465;AMPARA ASSISTÊNCIA MÉDICA PARAÍSO LTDA;Medicina de Grupo;MG;28000.0;9333.333333333334;4785.481515305783
4487255000181;701;UNIMED SEGUROS SAÚDE S/A;Seguradora Especializada em Saúde;SP;27648.0;9216.0;9119.57170046927
92240605000178;304212;ON MED ASSISTÊNCIA MÉDICA LTDA;Medicina de Grupo;RS;27100.0;27100.0;
90747908000156;338346;SULMED - ASSISTÊNCIA MÉDICA LTDA;Medicina de Grupo;RS;27053.0;27053.0;
4202013000102;415693;POLICLIN SAÚDE S/A.;Medicina de Grupo;SP;25950.0;8650.0;680.881781221968
44863959000126;315796;UNIMED DE PRESIDENTE PRUDENTE COOPERATIVA DE TRAB. MÉDICO;Cooperativa Médica;SP;25420.0;12710.0;16065.46606855836
1052203000194;347825;CAIXA ASSISTENCIAL UNIVERSITARIA DO RIO DE JANEIRO;Autogestão;RJ;24000.0;12000.0;0.0
78931391000155;371106;UNIMED COSTA OESTE - COOPERATIVA DE TRABALHO MÉDICO;Cooperativa Médica;PR;23194.0;23194.0;
2687852000124;303844;UNIMED DE ANDRADINA - COOPERATIVA DE TRABALHO MÉDICO;Cooperativa Médica;SP;23135.0;7711.666666666667;1783.6923314667622
50480953000172;301574;UNIMED DE LIMEIRA COOPERATIVA DE TRABALHO MÉDICO;Cooperativa Médica;SP;22689.0;11344.5;5352.091226800978
1659087000176;342131;UNIMED VILHENA - COOPERATIVA DE TRABALHO MEDICO LTDA;Cooperativa Médica;RO;21545.0;7181.666666666667;2540.277215843447
3658432000182;323080;GEAP AUTOGESTÃO EM SAÚDE;Autogestão;DF;21320.0;10660.0;9772.215715998087
22709109000135;421189;BENEFICENCIA SOCIAL BOM SAMARITANO;Filantropia;MG;20458.0;10229.0;7861.613193232035
2030246000131;304131;ASSOCIAÇÃO BENEFICENTE DE ASSISTÊNCIA A SAÚDE DOS JUÍZES DO TRABALHO DA 15ª REGIÃO (ABAS 15);Autogestão;SP;20000.0;20000.0;
39210844000100;320897;UNIMED CENTRO SUL FLUMINENSE COOPERATIVA DE TRABALHO MÉDICO;Cooperativa Médica;RJ;19882.0;9941.0;7107.837364487175
68668045000172;401081;AMESC - ASSOCIAÇÃO MÉDICA ESPÍRITA CRISTÃ;Medicina de Grupo;RJ;19800.0;19800.0;
4002216000147;412252;SV SAUDE ADMINSTRADORES DE PLANO DE SAUDE LTDA;Medicina de Grupo;RJ;19600.0;6533.333333333333;2191.3770404321876
75054940000162;355151;FUNDAÇÃO COPEL DE PREVIDÊNCIA E ASSISTÊNCIA SOCIAL;Autogestão;PR;19500.0;19500.0;
3123146000112;402966;BIO SAÚDE SERVIÇOS MÉDICOS LTDA;Medicina de Grupo;SP;19200.0;19200.0;
45171402000197;363286;UNIMED DE TAUBATÉ COOPERATIVA DE TRABALHO MÉDICO;Cooperativa Médica;SP;19150.0;6383.333333333333;1737.8243102607737
20918393000124;419699;OPERADORA DE PLANOS PRIVADOS DE SAÚDE - SANTA CASA SAÚDE LTDA;Medicina de Grupo;MS;18193.0;9096.5;9963.841653699641
77375897000162;338648;FUNDAÇÃO SANEPAR DE ASSISTÊNCIA SOCIAL;Autogestão;PR;17595.0;8797.5;7088.745481395139
82624776000147;334561;UNIMED BLUMENAU - COOPERATIVA DE TRABALHO MEDICO;Cooperativa Médica;SC;16335.0;5445.0;5059.478728090474
56727134000163;303267;UNIMED JUNDIAI - COOPERATIVA DE TRABALHO MÉDICO;Cooperativa Médica;SP;15315.0;7657.5;10597.409329642787
14408631000159;418501;FUNDAÇÃO PLAMHUV - PLANO MÉDICO HOSPITALAR DOS HOSPITAIS UNIDOS DE VIÇOSA;Medicina de Grupo;MG;15252.0;5084.0;7840.864939533138
2866602000151;416428;SUL AMÉRICA PARANÁ CLÍNICAS SERVIÇOS DE SAÚDE S.A.;Medicina de Grupo;SP;14537.0;7268.5;5032.478961704659
54991211000162;300713;UNIMED DE ASSIS COOPERATIVA DE TRABALHO MÉDICO;Cooperativa Médica;SP;14470.0;4823.333333333333;6557.15443872823
41432461000110;422771;TEMPO MED PLANO DE SAUDE LTDA;Medicina de Grupo;SC;13976.0;13976.0;
70523899000102;370975;UNIMED VALE DO JAURU COOPERATIVA DE TRABALHO MÉDICO;Cooperativa Médica;MT;13680.0;6840.0;975.8073580374356
11565995000154;417491;PORTOMED - PORTO SEGURO SERVIÇOS DE SAUDE LTDA;Medicina de Grupo;SP;13555.0;4518.333333333333;452.8888752589683
13026081000140;418129;FUNDO DE ASSISTÊNCIA MÉDICO-HOSPITALAR DO MINISTÉRIO PÚBLICO;Autogestão;MS;12962.0;12962.0;
76882612000117;340782;CLINIPAM CLINICA PARANAENSE DE ASSISTENCIA MEDICA LTDA;Medicina de Grupo;CE;12801.0;4267.0;7046.209406482325
697509000135;347507;UNIMED CENTRO RONDÔNIA COOPERATIVA DE TRABALHO MÉDICO;Cooperativa Médica;RO;12773.0;4257.666666666667;6815.178231956472
50432863000106;416495;MATÃO CLINICAS & AMHMA SAÚDE LTDA;Medicina de Grupo;SP;12100.0;4033.3333333333335;5778.832782953088
4165719000133;413160;GS PLANO GLOBAL DE SAÚDE LTDA;Medicina de Grupo;RJ;11118.0;5559.0;5386.739459079119
2476067000122;382876;UNIMED GOIANIA COOPERATIVA DE TRABALHO MÉDICO;Cooperativa Médica;GO;10883.0;3627.6666666666665;1897.3524536398959
42889436000123;348261;UNIMED ALTO SÃO FRANCISCO COOPERATIVA DE TRABALHO MÉDICO;Cooperativa Médica;MG;9208.0;9208.0;
17790718000121;384577;UNIMED UBERLÂNDIA COOPERATIVA REGIONAL TRABALHO MÉDICO LTDA;Cooperativa Médica;MG;8994.0;8994.0;
22263081000155;314706;HOSPITAL CESAR LEITE;Filantropia;MG;8990.0;4495.0;7.0710678118654755
53678264000165;358088;UNIMED LESTE PAULISTA COOPERATIVA DE TRABALHO MÉDICO;Cooperativa Médica;SP;8797.0;8797.0;
2849393000138;366561;BENSAUDE PLANO DE ASSISTENCIA MEDICA HOSPITALAR LTDA.;Medicina de Grupo;SP;8700.0;4350.0;1230.3657992645926
2338268000163;342203;UNIODONTO DE SC COOPERATIVA ADMINISTRADORA DE CONTRATOS;Cooperativa odontológica;SC;8615.0;8615.0;
31763326000102;421642;EXCELÊNCIA PLANO DE SAÚDE S/A;Medicina de Grupo;ES;8120.0;8120.0;
49955478000164;423629;AURORA SAÚDE LTDA;Medicina de Grupo;MG;8085.0;4042.5;5596.750173091524
31466949000105;335614;SAMEDIL SERVIÇOS DE ATENDIMENTO MÉDICO S/A;Medicina de Grupo;ES;8030.0;4015.0;4475.985924910846
13360276000122;337668;UNIMED SERGIPE - COOPERATIVA DE TRABALHO MÉDICO;Cooperativa Médica;SE;7367.0;7367.0;
3533726000188;342084;UNIMED CUIABA COOPERATIVA DE TRABALHO MÉDICO;Cooperativa Médica;MT;7200.0;2400.0;957.8622030334009
747041000146;302228;UNIMED VALE DO CORUMBÁ COOPERATIVA DE TRABALHO MEDICO;Cooperativa Médica;GO;6810.0;3405.0;4722.059084763764
29910807000143;421359;RIO DOCE SAÚDE;Medicina de Grupo;ES;6423.0;2141.0;2595.8434082201493
66477217000103;345458;UNIMED LAVRAS COOPERATIVA DE TRABALHO MÉDICO;Cooperativa Médica;MG;6405.0;2135.0;1685.1038543662523
44945962000199;344915;SANTA CASA DE MISERICÓRDIA E ASILO DOS POBRES DE BATATAIS;Filantropia;SP;5877.0;5877.0;
10219897000100;362140;UNIMED OESTE DO PARÁ - COOPERATIVA DE TRABALHO MÉDICO;Cooperativa Médica;PA;4996.0;4996.0;
51628360000173;417475;PRONTO SOCORRO CONDE DE MOREIRA LIMA;Medicina de Grupo;SP;4880.0;4880.0;
95642179000197;348180;HUMANA SAÚDE LTDA.;Medicina de Grupo;PR;4420.0;2210.0;2672.86363288515
72234164000194;352519;UNIMED ALTO JACUÍ/RS - COOPERATIVA DE ASSISTÊNCIA À SAÚDE LTDA;Cooperativa Médica;RS;4373.0;4373.0;
37880952000157;361461;VIVACOM PLANOS DE SAÚDE;Autogestão;GO;4295.0;4295.0;
10414182000109;416801;UNIMED SAÚDE E ODONTO S.A;Medicina de Grupo;SP;4170.0;2085.0;346.4823227814083
11828089000103;418374;LUMINAR SAÚDE - ASSOCIAÇÃO DE ASSISTÊNCIA À SAÚDE;Autogestão;DF;3950.0;3950.0;
20160828000114;419591;ASSOCIAÇÃO DOS SERVIDORES PÚBLICOS DA ADMINISTRAÇÃO DIRETA DO GOVERNO DO ESTADO DO PARÁ - ASPARÁ;Autogestão;PA;3920.0;1306.6666666666667;808.2903768654761
2888465000156;318477;OPERADORA UNICENTRAL DE PLANOS DE SAÚDE LTDA.;Medicina de Grupo;SP;3840.0;1920.0;0.0
36540979000138;311146;UNIMED COSTA VERDE RJ;Cooperativa Médica;RJ;3799.0;3799.0;
2513939000185;363391;PLANO ASSISTENCIAL SÃO LUCAS LTDA;Medicina de Grupo;MG;3725.0;1862.5;958.1296885077719
81076069000109;320862;UNIMED DE PARANAVAÍ COOPERATIVA DE TRABALHO MÉDICO;Cooperativa Médica;PR;3717.0;1858.5;1921.2091244838496
4911101000175;414662;VIVENTERIS LTDA;Odontologia de Grupo;PR;3560.0;1780.0;325.2691193458119
2752923000125;310522;PROASA SAÚDE;Medicina de Grupo;DF;3460.0;3460.0;
26189530000113;330108;UNIMED CURVELO COOPERATIVA DE TRABALHO MÉDICO LTDA.;Cooperativa Médica;MG;3413.0;1137.6666666666667;1235.696699572081
78953023000108;366064;UNIMED NORTE PIONEIRO - COOPERATIVA DE TRABALHO MÉDICO;Cooperativa Médica;PR;3388.0;1694.0;1408.5567081236027
89761670000134;333867;ASSOCIAÇAO UNISAUDE MARAU;Medicina de Grupo;RS;3354.0;3354.0;
67577171000159;309524;UNIMED DE MONTE ALTO - COOPERATIVA DE TRABALHO MÉDICO;Cooperativa Médica;SP;3288.0;1096.0;896.0150668376062
51473692000126;319422;IRMANDADE DA SANTA CASA DE MISERICORDIA DE LIMEIRA;Filantropia;SP;3270.0;1090.0;639.7655820689325
27578434000120;357391;UNIMED VITORIA COOPERATIVA DE TRABALHO MEDICO;Cooperativa Médica;ES;3250.0;1625.0;388.90872965260115
35617257000171;302627;CAIXA DE ASSISTÊNCIA DOS MAGISTRADOS DE PERNAMBUCO;Autogestão;PE;3235.0;1078.3333333333333;989.6253499852019
3013779000178;421871;ANGELI SISTEMAS DE SAUDE S.A.;Medicina de Grupo;PR;3108.0;1554.0;118.79393923933998
111826000128;335215;UNIMED ARARUAMA COOPERATIVA DE TRABALHO MÉDICO LTDA;Cooperativa Médica;RJ;2915.0;2915.0;
41715325000138;422941;ARL ADMINISTRADORA DE BENEFÍCIOS LTDA.;Administradora de Benefícios;SP;2840.0;2840.0;
1559455000104;328294;UNIMED NORDESTE PAULISTA - FED. INTRAFEDERATIVA DAS COOP. MÉDICAS;Cooperativa Médica;SP;2800.0;1400.0;0.0
4612990000170;311961;UNIMED DE MANAUS COOP. DO TRABALHO MÉDICO LTDA;Cooperativa Médica;AM;2800.0;2800.0;
79831608000118;356476;SIM - CAIXA DE ASSISTÊNCIA À SAÚDE;Autogestão;SC;2765.0;2765.0;
20119509000165;378216;FUNDAÇÃO LIBERTAS DE SEGURIDADE SOCIAL;Autogestão;MG;2764.0;2764.0;
41687179000184;355593;UNIMED PATROCÍNIO COOPERATIVA DE TRABALHO MÉDICO LTDA.;Cooperativa Médica;MG;2700.0;1350.0;212.13203435596427
81710865000143;365777;UNIMED NOROESTE DO PARANÁ COOP DE TRABALHO MÉDICO .;Cooperativa Médica;PR;2580.0;2580.0;
79115762000193;336831;IRMANDADE SANTA CASA DE MISERICÓRDIA DE MARINGÁ;Filantropia;PR;2568.0;1284.0;825.9007204258875
66191263000133;352314;UNIMED JOÃO MONLEVADE COOPERATIVA DE TRABALHO MÉDICO LTDA.;Cooperativa Médica;MG;2560.0;1280.0;339.4112549695428
3548273000163;411868;MEDIC GLOBAL PLANOS DE SAÚDE LTDA.;Medicina de Grupo;MG;2550.0;2550.0;
3187913000157;414387;ODONTOART PLANOS ODONTOLÓGICOS LTDA;Odontologia de Grupo;CE;2425.0;2425.0;
8787782000162;416525;PRIMA VIDA ODONTOLOGIA DE GRUPO LIMITADA;Odontologia de Grupo;RJ;2308.0;2308.0;
48721401000167;334154;UNIMED DE CAÇAPAVA - COOPERATIVA DE TRABALHO MEDICO;Cooperativa Médica;SP;2305.0;1152.5;1304.6120112891801
52657079000121;313149;UNIMED DE BATATAIS - COOPERATIVA DE TRABALHO MÉDICO;Cooperativa Médica;SP;2299.0;2299.0;
72120124000111;305421;UNIODONTO RS FEDERACAO DAS UNIODONTOS DO RGS LTDA;Cooperativa odontológica;RS;2216.0;1108.0;270.1147904132612
361325000108;357511;HUMANA SAÚDE NORDESTE LTDA. ;Medicina de Grupo;PI;2153.0;1076.5;94.04520189781083
92128610000193;335541;UNIMED VALE DAS ANTAS, RS - COOPERATIVA DE ASSISTÊNCIA À SAÚDE LTDA.;Cooperativa Médica;RS;2139.0;1069.5;79.90306627407988
28806545000109;323993;UNIMED PETROPOLIS-RJ COOPERATIVA DE TRABALHO MÉDICO;Cooperativa Médica;RJ;1854.0;1854.0;
4201372000137;303976;UNIMED BELÉM COOPERATIVA DE TRABALHO MÉDICO;Cooperativa Médica;PA;1808.0;904.0;712.7636354360399
15215452000168;315583;CAIXA DE ASSISTÊNCIA DOS EMPREGADOS DO BANEB;Autogestão;BA;1790.0;1790.0;
87158507000156;367087;COOPERATIVA CENTRAL UNIMED DE COOPERATIVAS DE ASSISTÊNCIA À SAÚDE DO RIO GRANDE DO SUL LTDA.;Cooperativa Médica;RS;1710.0;1710.0;
80525652000189;308811;UNIMED VALE DO PIQUIRI-COOPERATIVA DE TRABALHO MÉDICO VALE DO PIQUIRI ;Cooperativa Médica;PR;1680.0;560.0;258.2150266735071
59766105000107;406813;ASSOCIAÇÃO POLICIAL DE ASSISTÊNCIA À SAÚDE;Autogestão;SP;1553.0;1553.0;
59901454000186;353264;SANTA CASA DE MISERICORDIA HOSPITAL SÃO VICENTE;Filantropia;SP;1400.0;466.6666666666667;57.735026918962575
71499792000139;317896;UNIMED VERTENTE DO CAPARAÓ - COOPERATIVA DE TRABALHO MÉDICO LTDA;Cooperativa Médica;MG;1244.0;622.0;253.144227664784
16921561000163;304051;UNIMED MONTES CLAROS COOPERATIVA DE  TRABALHO MÉDICO LTDA.;Cooperativa Médica;MG;1120.0;1120.0;
10935483000170;417947;ASSOCIAÇÃO DA SANTA CASA SAÚDE DE RIBEIRÃO PRETO;Medicina de Grupo;SP;1087.0;362.3333333333333;48.952357791360086
636975000100;319180;SÃO DOMINGOS SAÚDE- ASSISTÊNCIA MÉDICA  LTDA;Medicina de Grupo;SP;936.0;936.0;
5983170000157;415936;PLANO ODONTOLÓGICO DENTALVIDAS LTDA.;Odontologia de Grupo;SP;901.0;901.0;
81733115000197;354627;UNIMED DE CIANORTE - COOPERATIVA DE TRABALHO MEDICO ;Cooperativa Médica;PR;880.0;880.0;
338763000147;348830;PLENA SAÚDE S.A.;Medicina de Grupo;SP;835.0;835.0;
82602327000106;321273;UNIMED DE JOINVILLE COOPERATIVA DE TRABALHO MÉDICO;Cooperativa Médica;SC;600.0;300.0;84.8528137423857
494870000164;365238;UNIMED DE IBITINGA COOPERATIVA DE TRABALHO MÉDICO;Cooperativa Médica;SP;600.0;600.0;
74466137000172;333051;UNIMED DE GUARULHOS COOPERATIVA DE TRABALHO MÉDICO;Cooperativa Médica;SP;595.0;595.0;
87547444000120;342556;ASSOCIAÇÃO DR. BARTHOLOMEU TACCHINI;Filantropia;RS;562.0;562.0;
11214624000128;344885;UNIMED RECIFE COOPERATIVA DE TRABALHO MÉDICO;Cooperativa Médica;PE;435.0;217.5;81.31727983645297
12698000165;323004;UNIMED DE PENAPOLIS - COOPERATIVA DE TRABALHO MEDICO;Cooperativa Médica;SP;425.0;425.0;
628107000189;346926;FUNDAÇÃO ASSISTENCIAL DOS SERVIDORES DO MINISTÉRIO DA FAZENDA;Autogestão;DF;400.0;400.0;
54557861000102;424170;BLUZZ SAÚDE S/A;Medicina de Grupo;ES;367.0;367.0;
83506030000100;318299;BENEFICENCIA CAMILIANA DO SUL;Filantropia;SP;350.0;350.0;
11973134000105;417815;SUL AMÉRICA ODONTOLÓGICO S/A;Odontologia de Grupo;SP;300.0;300.0;
6145428000109;415081;PORTO DIAS SAUDE LTDA.;Medicina de Grupo;PA;300.0;300.0;
13001218000102;418021;ASSOCIAÇÃO SANTA SAÚDE;Medicina de Grupo;SP;282.0;94.0;106.55045753069294
57214900000159;324159;UNIMED ALTA MOGIANA COOPERATIVA DE TRABALHO MÉDICO;Cooperativa Médica;SP;244.0;244.0;
665690000106;408026;ASSOCIAÇÃO POLICIAL DE ASSISTÊNCIA À SAÚDE DE DRACENA;Autogestão;SP;150.0;150.0;
66491036000123;408034;ASSOCIAÇÃO POLICIAL DE ASSISTÊNCIA À SAÚDE DE JAÚ;Autogestão;SP;143.0;143.0;
342481000113;343765;UNIMED CALDAS NOVAS - COOPERATIVA DE TRABALHO MEDICO;Cooperativa Médica;GO;130.0;130.0;
26368613000170;347736;UNIMED CARATINGA - COOPERATIVA DE TRABALHO MÉDICO LTDA;Cooperativa Médica;MG;122.0;122.0;
7583396000196;356123;UNIMED DO CARIRI - SOCIEDADE COOPERATIVA MÉDICA LTDA;Cooperativa Médica;CE;90.0;90.0;
840048000108;314242;UNIMED DE PIRASSUNUNGA COOPERATIVA DE TRABALHO MÉDICO;Cooperativa Médica;SP;84.0;84.0;
66453168000160;327352;UNIMED SÃO SEBASTIÃO DO PARAÍSO COOPERATIVA DE TRABALHO MÉDICO;Cooperativa Médica;MG;80.0;80.0;
69099307000198;397245;CROWN ODONTOLOGIA DE GRUPO LTDA;Odontologia de Grupo;SP;60.0;60.0;
